Time delay (ns),Diameter of capsule (um),Error on the diameter of the capsule (um)
0.0,325.92,15.965446666666669
0.2,402.0,29.0
0.4,307.5,12.0
0.5,358.0,78.0
0.6,395.6333333333334,30.666666666666668
0.8,338.0,24.666666666666668
1.0,417.6666666666667,21.0
1.6,320.0,10.0
1.8,215.0,40.0
